-- phpMyAdmin SQL Dump
-- version 4.5.1
-- http://www.phpmyadmin.net
--
-- Хост: 127.0.0.1
-- Время создания: Фев 17 2017 г., 16:04
-- Версия сервера: 10.1.13-MariaDB
-- Версия PHP: 5.6.20

SET SQL_MODE = "NO_AUTO_VALUE_ON_ZERO";
SET time_zone = "+00:00";


/*!40101 SET @OLD_CHARACTER_SET_CLIENT=@@CHARACTER_SET_CLIENT */;
/*!40101 SET @OLD_CHARACTER_SET_RESULTS=@@CHARACTER_SET_RESULTS */;
/*!40101 SET @OLD_COLLATION_CONNECTION=@@COLLATION_CONNECTION */;
/*!40101 SET NAMES utf8mb4 */;

--
-- База данных: `backend_test`
--

-- --------------------------------------------------------

--
-- Структура таблицы `auth_groups`
--

CREATE TABLE `auth_groups` (
  `id` mediumint(8) UNSIGNED NOT NULL,
  `name` varchar(20) NOT NULL,
  `description` varchar(100) NOT NULL
) ENGINE=InnoDB DEFAULT CHARSET=utf8 ROW_FORMAT=COMPACT;

--
-- Дамп данных таблицы `auth_groups`
--

INSERT INTO `auth_groups` (`id`, `name`, `description`) VALUES
(1, 'admin', 'Administrator'),
(2, 'members', 'General User');

-- --------------------------------------------------------

--
-- Структура таблицы `auth_login_attempts`
--

CREATE TABLE `auth_login_attempts` (
  `id` int(11) UNSIGNED NOT NULL,
  `ip_address` varchar(15) NOT NULL,
  `login` varchar(100) NOT NULL,
  `time` int(11) UNSIGNED DEFAULT NULL
) ENGINE=InnoDB DEFAULT CHARSET=utf8 ROW_FORMAT=COMPACT;

-- --------------------------------------------------------

--
-- Структура таблицы `auth_users`
--

CREATE TABLE `auth_users` (
  `id` int(11) UNSIGNED NOT NULL,
  `ip_address` varchar(15) NOT NULL,
  `username` varchar(100) NOT NULL,
  `password` varchar(255) NOT NULL,
  `facebook_id` bigint(20) DEFAULT NULL,
  `salt` varchar(255) DEFAULT NULL,
  `email` varchar(100) NOT NULL,
  `activation_code` varchar(40) DEFAULT NULL,
  `forgotten_password_code` varchar(40) DEFAULT NULL,
  `forgotten_password_time` int(11) UNSIGNED DEFAULT NULL,
  `remember_code` varchar(40) DEFAULT NULL,
  `created_on` int(11) UNSIGNED NOT NULL,
  `active_time` timestamp NULL DEFAULT NULL,
  `last_login` int(11) UNSIGNED DEFAULT NULL,
  `active` tinyint(1) UNSIGNED DEFAULT NULL,
  `first_name` varchar(50) DEFAULT NULL,
  `last_name` varchar(50) DEFAULT NULL,
  `company` varchar(100) DEFAULT NULL,
  `phone` varchar(20) DEFAULT NULL,
  `token` varchar(32) NOT NULL,
  `deleted` tinyint(1) UNSIGNED NOT NULL DEFAULT '0'
) ENGINE=InnoDB DEFAULT CHARSET=utf8 ROW_FORMAT=COMPACT;

--
-- Дамп данных таблицы `auth_users`
--

INSERT INTO `auth_users` (`id`, `ip_address`, `username`, `password`, `facebook_id`, `salt`, `email`, `activation_code`, `forgotten_password_code`, `forgotten_password_time`, `remember_code`, `created_on`, `active_time`, `last_login`, `active`, `first_name`, `last_name`, `company`, `phone`, `token`, `deleted`) VALUES
(1, '127.0.0.1', 'administrator', '$2y$08$ehAlFUY9FFqgKH734nNooea6ovPkqEHYQRAPHTnYVvSxTsSeeLLHO', NULL, NULL, 'admin@admin.com', NULL, NULL, NULL, NULL, 1487315236, NULL, 1487337209, 1, 'Admin', 'admin@admin.com', '', NULL, '', 0),
(12, '127.0.0.1', 'admin2', '$2y$08$ehAlFUY9FFqgKH734nNooea6ovPkqEHYQRAPHTnYVvSxTsSeeLLHO', NULL, NULL, 'admin2@admin.com', NULL, NULL, NULL, NULL, 1487315236, NULL, 1487315236, 1, 'Admin2', 'admin2@admin.com', '', NULL, '', 0);

-- --------------------------------------------------------

--
-- Структура таблицы `auth_users_groups`
--

CREATE TABLE `auth_users_groups` (
  `id` int(11) UNSIGNED NOT NULL,
  `user_id` int(11) UNSIGNED NOT NULL,
  `group_id` mediumint(8) UNSIGNED NOT NULL
) ENGINE=InnoDB DEFAULT CHARSET=utf8 ROW_FORMAT=COMPACT;

--
-- Дамп данных таблицы `auth_users_groups`
--

INSERT INTO `auth_users_groups` (`id`, `user_id`, `group_id`) VALUES
(17, 1, 1),
(16, 12, 1);

-- --------------------------------------------------------

--
-- Структура таблицы `ci_sessions`
--

CREATE TABLE `ci_sessions` (
  `id` varchar(40) NOT NULL,
  `ip_address` varchar(45) NOT NULL,
  `timestamp` int(10) UNSIGNED NOT NULL DEFAULT '0',
  `data` blob NOT NULL
) ENGINE=InnoDB DEFAULT CHARSET=latin1 ROW_FORMAT=COMPACT;

--
-- Дамп данных таблицы `ci_sessions`
--

INSERT INTO `ci_sessions` (`id`, `ip_address`, `timestamp`, `data`) VALUES
('0227e952491848bfa5fae2db6aa573675335d753', '194.183.182.162', 1486366143, ''),
('02a2e2ce13daea6e6a041b95374faa910e1bde63', '194.183.182.162', 1486050905, ''),
('043dc1c02190ceb4642b2a89ccac58e717a2476c', '194.183.182.162', 1486025569, ''),
('07f3ff06f7151173aa11641e8e5c755bb7cf078f', '194.183.182.162', 1485938154, ''),
('0834ebf963907d7df2aa6daeec9084132bc374ec', '66.249.93.56', 1486277729, ''),
('08745b8a30a5fab4a6d4f220a9c3e4d18f58afcc', '194.183.182.162', 1486119054, ''),
('09ebad062f0793b7051c71c987f3ef85dcc8430c', '194.183.182.162', 1486025569, ''),
('0c1845fd6a15ae4be85258d6e85cc19a908144f4', '194.183.182.162', 1486147424, ''),
('0cd7997324bb329d81ff1fd4e1ccb562aa8b8404', '194.183.182.162', 1486042614, ''),
('0d32b8be0e3e14737e695655331d3340dd0ae33a', '194.183.182.162', 1486040302, ''),
('0f547007813f595470a35c6aafb93bad60872fcc', '66.249.93.58', 1486104725, ''),
('0fe2800c30ba2b0e4e051df5d5d37096f68c9917', '194.183.182.162', 1486366142, ''),
('110a742107518230a0c7c815cc3ebda541757d04', '23.101.61.176', 1486461279, ''),
('114ee1bb1deef25304b6cc3d4f57b6758fc6f4ca', '66.249.93.58', 1486277730, ''),
('11d08a8c5c195c625610a938e5659453d8f924f5', '194.183.182.162', 1486108212, ''),
('13a1f243e65f1b8f9b1831e9aae11cb55a3cf6c7', '66.249.93.94', 1486834337, ''),
('13a6a749002655c0ae48fb03e362b1ac45d038ec', '194.183.182.162', 1486030821, ''),
('13ccbf86d9da3e581b8c58131ff380e39fac771c', '66.249.93.144', 1486723328, ''),
('14990183288bb4f8c91a714ba32d97887f8d42c9', '194.183.182.162', 1486040690, ''),
('15dc1684c6a34cdbbd19c9e9b28d98e25e2ec7ac', '194.183.182.162', 1486041942, ''),
('17bf0459898a6798e70ca972b86a780bc9baabbe', '194.183.182.162', 1485962017, ''),
('17e42e3961093577eebd207afd08ec08905b1ff9', '194.183.182.162', 1486362178, ''),
('1af3db2ada61ab0b1cab8198936cae0de2d9d6ce', '194.183.182.162', 1485947350, ''),
('1b852f7578436537846664e608ea87f0abe54b0d', '194.183.182.162', 1485950180, ''),
('1b870bdbd18708e02478fd8c5b1b7f18b9644fb4', '194.183.182.162', 1486030647, ''),
('1c00706176ef4fd41b56797e500d78cb36aa3d25', '194.183.182.162', 1486452043, ''),
('2167bd99e5605285a1a79750394a1d017ff47869', '194.183.182.162', 1486050341, ''),
('2327f7d0050c2ec981ed71f70a3cdadbd2482798', '194.183.182.162', 1486040301, ''),
('23fff24966e2bdaef06055bb900c61cdc9540505', '194.183.182.162', 1485952889, ''),
('241deb969e7dad80e8f191b6b52b93e05e205acf', '194.183.182.162', 1486023436, ''),
('27c72a94f66d1eae35aa37775f80a887d6d171e7', '194.183.182.162', 1486139101, 0x6964656e746974797c733a32303a2262756c616b68674064696769636f64652e6e6574223b757365726e616d657c733a31313a22676c65625f62756c616b68223b656d61696c7c733a32303a2262756c616b68674064696769636f64652e6e6574223b757365725f69647c733a313a2239223b6f6c645f6c6173745f6c6f67696e7c733a31303a2231343835383733333732223b),
('27dbc340fc24a5216df62db8db0524591b2af56b', '194.183.182.162', 1485964207, ''),
('286f7f064b10aee936400c0840d460ccc5ceaf55', '194.183.182.162', 1485938300, ''),
('2bd418f62284122466889d9bb756edcd1338c96f', '194.183.182.162', 1486110655, ''),
('2c4f70791894fe0c627c53f691228f4622bc0a69', '66.249.93.92', 1486997661, ''),
('2e5ab2abdb85fb9bced8b6d39365836f3090b970', '194.183.182.162', 1486392989, ''),
('2fe9fda22c21575975855206a6ef1fecfdeb1660', '194.183.182.162', 1485953262, ''),
('338ddf498350a912b02730a57912080fa1d6c1b3', '66.249.93.94', 1487150673, ''),
('34012fd6cdabee004bcbeb8d2f0c2f6692b86a03', '194.183.182.162', 1485955329, 0x6964656e746974797c733a32333a226c75676f76736b6979644064696769636f64652e6e6574223b757365726e616d657c733a31313a22646d69747269795f716131223b656d61696c7c733a32333a226c75676f76736b6979644064696769636f64652e6e6574223b757365725f69647c733a313a2233223b6f6c645f6c6173745f6c6f67696e7c733a31303a2231343835333332363031223b),
('34f55c880b58937a6a4f8dbb87b885efaa9e55ed', '194.183.182.162', 1486381303, 0x6964656e746974797c733a31353a2261646d696e4061646d696e2e636f6d223b757365726e616d657c733a31333a2261646d696e6973747261746f72223b656d61696c7c733a31353a2261646d696e4061646d696e2e636f6d223b757365725f69647c733a313a2231223b6f6c645f6c6173745f6c6f67696e7c733a31303a2231343836303237323439223b),
('351a2dbb00183438b041720f3eeb708aa349d7b5', '194.183.182.162', 1486123027, ''),
('355be26d80b51835d1e1cb788ace030ce69dc650', '66.102.9.158', 1486967571, ''),
('3564a90c8746df6b0a262b57389df0e835604fbb', '194.183.182.162', 1486372457, ''),
('37ee479eae1e9dbc090a2849f5bd08087dab86f8', '194.183.182.162', 1486033482, ''),
('38a03ac279fe337087578027e2580d60b970ed78', '194.183.182.162', 1486050608, ''),
('3ca1ee32571017c3dc80db68cc7d7d4f7723b724', '194.183.182.162', 1486025818, ''),
('3d1fd979bd03f1903f8ff03fda7da369afb013ea', '66.102.9.56', 1485943596, ''),
('3e21d46acb3f61c52dc225b9bd496650ec46b9d1', '194.183.182.162', 1486045744, ''),
('3ec00c22e5beed65a14b81cdb8e4f4a9abd7c550', '66.249.93.90', 1486834337, ''),
('3f865ab81a47ed086209e59ce7523a20217b9623', '31.43.125.174', 1486112495, 0x6964656e746974797c733a31353a2261646d696e4061646d696e2e636f6d223b757365726e616d657c733a31333a2261646d696e6973747261746f72223b656d61696c7c733a31353a2261646d696e4061646d696e2e636f6d223b757365725f69647c733a313a2231223b6f6c645f6c6173745f6c6f67696e7c733a31303a2231343836303237353334223b),
('417465ef526995b42bf7713ae5b348593c4263fc', '194.183.182.162', 1486022230, ''),
('41ad0fadb3f4bbc88c436dfe573169731ea37aa5', '194.183.182.162', 1485962389, ''),
('41cf7db81c54933e550196736fe0c0f4fe806a1f', '194.183.182.162', 1486122205, ''),
('43f1071dcaf1b00abe28dff2f255b0ef4e20a3ba', '194.183.182.162', 1485961830, ''),
('44549ff7a02be4e06f840bc133e5d7bb7c37af3e', '194.183.182.162', 1486145430, ''),
('44b65c175578e25559c4b6a0ced74ce1035e9be1', '66.102.9.26', 1487140992, ''),
('453eafed7f23bf02cfe12dc66a4b8fec60817c9e', '66.102.9.30', 1486795518, ''),
('46ac4fe76a3de7012da997c2ef4c4503fb99e12c', '194.183.182.162', 1486111418, ''),
('47fcf05e033fd45f8974b67752e94c1e0f73d3b3', '194.183.182.162', 1486110293, ''),
('486c130542a68912ed7d88166f62fa6c34570cc7', '194.183.182.162', 1486366143, ''),
('48909b87968f4c336f05578464ea6832355ed2af', '194.183.182.162', 1486149546, ''),
('48bdac754b5ec363b2920556176bfddbf9f73eed', '127.0.0.1', 1487326626, 0x6964656e746974797c733a31353a2261646d696e4061646d696e2e636f6d223b757365726e616d657c733a31333a2261646d696e6973747261746f72223b656d61696c7c733a31353a2261646d696e4061646d696e2e636f6d223b757365725f69647c733a313a2231223b6f6c645f6c6173745f6c6f67696e7c733a31303a2231343837313438353831223b),
('49eae6b7bc79a595601547e3629e9f5dbce0ca02', '194.183.182.162', 1486145000, ''),
('4a28f058a12246fd7ee8f9ea5b6393f75beaf9ba', '194.183.182.162', 1486387770, ''),
('4ab1dd0d3dc9664a654b1aeceae0f01c565c2182', '194.183.182.162', 1486124958, ''),
('4d69bdb59daf20f50ae2c17d682b90acf2807953', '194.183.182.162', 1486106994, ''),
('4e0a90d275b096be1c875f7a2f66c0da363f4856', '194.183.182.162', 1486124835, ''),
('4f11c4ad7809cf705affad0d0e38bf71fe424ac8', '194.183.182.162', 1486372459, ''),
('501888cf3ec2e32d2ead173b696ecc7d41b79fb8', '93.78.135.222', 1486795514, 0x6964656e746974797c733a31353a2261646d696e4061646d696e2e636f6d223b757365726e616d657c733a31333a2261646d696e6973747261746f72223b656d61696c7c733a31353a2261646d696e4061646d696e2e636f6d223b757365725f69647c733a313a2231223b6f6c645f6c6173745f6c6f67696e7c733a31303a2231343836353634373737223b),
('528d746f193bdef9f8908310312233832b63d7a4', '66.249.93.92', 1486997661, ''),
('52a3a19c8904d8f84ac557e39519d39b9e0db4d3', '194.44.38.15', 1487087767, ''),
('53cf91a47dba7d0e2957c8d21af9f76de39bacea', '194.183.182.162', 1486390859, ''),
('5573e972013368ae3dd0d4da7bb41a58e68141bc', '194.183.182.162', 1485949060, ''),
('5785912dc071aeaa550c4e530755a97949c2f1c9', '93.78.135.222', 1486625259, 0x6964656e746974797c733a31353a2261646d696e4061646d696e2e636f6d223b757365726e616d657c733a31333a2261646d696e6973747261746f72223b656d61696c7c733a31353a2261646d696e4061646d696e2e636f6d223b757365725f69647c733a313a2231223b6f6c645f6c6173745f6c6f67696e7c733a31303a2231343836333932373237223b),
('593b61f2993b1b8daaecef3ec223ad9e3994b363', '66.102.9.30', 1486795518, ''),
('596fa1ac81f2470e79df565e6b1794ba832fb0f4', '194.183.182.162', 1486392371, ''),
('5a0e8af2b2aecaa1d890470041c559338dc71c5c', '23.101.61.176', 1486047115, ''),
('5ad1573be6c692bc8e328cc4eefbb846040ca98b', '194.183.182.162', 1486145000, ''),
('5b6d362178374a617722ec491fa9e0c269060a22', '40.78.146.128', 1486469345, ''),
('5e3be22ad667d0323049752d0199ab771124a9a1', '194.183.182.162', 1485960713, ''),
('5fab5f4e95ff90ff05fda29f412b63e92a5264cd', '194.183.182.162', 1486392371, ''),
('60061aa3147ff8ef9ed240e823ecbf4889fc3566', '194.183.182.162', 1486387125, ''),
('6064ba56247c74e95629287ee81a4afaae9e529a', '194.183.182.162', 1486110655, ''),
('612401ec3efed1a06929652040ea9194b5d8a325', '194.183.182.162', 1486045834, ''),
('61ce449126cf5b3ca057e2c90cb0696550c98a62', '66.249.93.92', 1487247264, ''),
('61f4999ad03c515800a546416c4cb7c5d1697434', '194.183.182.162', 1486144910, ''),
('62906065c7ecf737d635ae1e72006404546058be', '194.183.182.162', 1486392855, 0x6964656e746974797c733a32333a226c75676f76736b6979644064696769636f64652e6e6574223b757365726e616d657c733a31313a22646d69747269795f716131223b656d61696c7c733a32333a226c75676f76736b6979644064696769636f64652e6e6574223b757365725f69647c733a313a2233223b6f6c645f6c6173745f6c6f67696e7c733a31303a2231343834383438363833223b),
('63b4738ad5cd40ae4f4c72aebeb10a399b1be9cf', '194.183.182.162', 1486132706, ''),
('63ef54027252e2b7449acd00567e1ff66aeabebb', '82.166.198.101', 1486296068, 0x6964656e746974797c733a31363a226d6f7268406d79746f7069612e636f6d223b757365726e616d657c733a31303a226d6f725f686173736f6e223b656d61696c7c733a31363a226d6f7268406d79746f7069612e636f6d223b757365725f69647c733a313a2234223b6f6c645f6c6173745f6c6f67696e7c733a31303a2231343835383736313232223b),
('6799e93a1f6e06a99aae5351c1cd8a52b264b87b', '66.102.9.26', 1487225547, ''),
('69e65445037925fa4f2677ec7f3f70aaa6edec6a', '194.183.182.162', 1486043115, 0x6964656e746974797c733a31353a2261646d696e4061646d696e2e636f6d223b757365726e616d657c733a31333a2261646d696e6973747261746f72223b656d61696c7c733a31353a2261646d696e4061646d696e2e636f6d223b757365725f69647c733a313a2231223b6f6c645f6c6173745f6c6f67696e7c733a31303a2231343835393437393233223b),
('6bb8fcb06d2498e49c010c7664474c931c744db5', '66.102.9.28', 1487054785, ''),
('727c8aaf2194860e098a13df0383a59bb8866e2d', '66.249.93.58', 1486382842, ''),
('72983d80ed41d87243e0c12c55d3b1bfb049038b', '194.183.182.162', 1486036202, ''),
('7315aad03a1d391056d65d029f724cca08e3305c', '194.183.182.162', 1485950180, ''),
('73c05ef283a3d6cd68a48fd0d93ecaa5cf2d543a', '194.183.182.162', 1485950315, ''),
('76a8edccf93314108fdfd398b07a7815af59ea9d', '66.249.93.56', 1486448775, ''),
('76caecb6920db89837291ce44322e94798d8fe40', '194.183.182.162', 1486123027, ''),
('7700d109e094b39146397c74276cf1ff8e2295dc', '194.183.182.162', 1486022101, ''),
('7754aa5f33b79b6639e4d61b2a9c0621ba6f5676', '66.102.9.30', 1487225546, ''),
('7891d5088b06135ee2335bcec64dc26520a2028f', '66.102.9.28', 1487313250, ''),
('7931890d840248c6f765345523246799f2774a9b', '66.249.93.56', 1486448775, ''),
('7d6cb9b4104f7004a2eb7b7c1168229331155f96', '194.183.182.162', 1486108212, ''),
('7e0211ab237e900452bca0dd9cc9c89ab8b6e49d', '194.183.182.162', 1486382193, ''),
('7e59deaa2b3ddfa6cd2ed44b2020f49f64e175be', '194.183.182.162', 1486050904, ''),
('7e8c26fd3aa48b050791f44b71966dc4402418bf', '66.249.93.90', 1487084789, ''),
('7f84c1c7dc3d9e911871182be16453f870d9f751', '194.183.182.162', 1486042704, ''),
('7fb2f337bdfa246ad049f7ce01f12056f2570020', '194.183.182.162', 1485950315, ''),
('809892ef3530e018a4048f6be76953be2c613fc8', '194.183.182.162', 1486042703, ''),
('8119fa694cc72fce90894700ec268597ef2c0ab6', '82.166.198.101', 1486282596, 0x6964656e746974797c733a31353a2261646d696e4061646d696e2e636f6d223b757365726e616d657c733a31333a2261646d696e6973747261746f72223b656d61696c7c733a31353a2261646d696e4061646d696e2e636f6d223b757365725f69647c733a313a2231223b6f6c645f6c6173745f6c6f67696e7c733a31303a2231343835333538373039223b),
('81b2c2abd2a70ad3402e60f742e6c65c7cc24e1b', '194.183.182.162', 1485961723, ''),
('81ca779cb8920acaf9135a988790c6d07feebcdb', '194.183.182.162', 1486050341, ''),
('8222102906fe260ecf792a769aa4e3ff1ede00d6', '194.183.182.162', 1486026516, ''),
('822d49c49eb165e48387c9fdc0acbdc93b438a5d', '93.78.135.222', 1486383256, 0x6964656e746974797c733a31353a2261646d696e4061646d696e2e636f6d223b757365726e616d657c733a31333a2261646d696e6973747261746f72223b656d61696c7c733a31353a2261646d696e4061646d696e2e636f6d223b757365725f69647c733a313a2231223b6f6c645f6c6173745f6c6f67696e7c733a31303a2231343835383439373634223b),
('841a6542a712ac7a12698f281b4e534d6f634401', '194.183.182.162', 1486362178, ''),
('85cfe3c46bad7a1128f79e0fd11a4b72d38d1d99', '194.183.182.162', 1486045498, ''),
('8842797987992b2f8cfedde6cc47f3176d48d5cb', '194.183.182.162', 1486114952, ''),
('8c14c2fa8d1848a67ed6a9992e07402e957eda6e', '194.183.182.162', 1486114951, ''),
('8e4bce612c5c96172529cddf784501c04ca66787', '66.249.93.90', 1486881779, ''),
('8e55238d49cd83c0913534dcb664525f01ca486a', '194.183.182.162', 1486452044, ''),
('8ecbb4f29fa2e8be91c04a6cef20f272635a70d9', '66.249.93.56', 1486017837, ''),
('8f1d3d560c5d54b9e75e7ccf3cba539bcee07960', '194.183.182.162', 1486452045, ''),
('900e1c12ac045975db547a85cd8b84bc05c691c9', '66.249.93.58', 1486017837, ''),
('914d8e96a1cb37150ac8537607c01dcf07565bc0', '194.183.182.162', 1486122205, ''),
('921adbbc9a4b2f2fd547d490aa03a5c1c291703e', '93.78.135.222', 1486631771, ''),
('92e7bc434bb491d9a5f1baa50566c64d3b9d6795', '194.183.182.162', 1486026517, ''),
('93df4d1a3c9bf1d21c472785ce6793d2f0eb39a5', '194.183.182.162', 1485949536, ''),
('94b37d578bf60cf000f1253d04f9a814e05e01c0', '40.78.146.128', 1486047115, ''),
('95412bc05634192138df621ddd4f1046c4ce7cbb', '194.183.182.162', 1487148873, 0x6964656e746974797c733a31353a2261646d696e4061646d696e2e636f6d223b757365726e616d657c733a31333a2261646d696e6973747261746f72223b656d61696c7c733a31353a2261646d696e4061646d696e2e636f6d223b757365725f69647c733a313a2231223b6f6c645f6c6173745f6c6f67696e7c733a31303a2231343836393835363332223b),
('9667eafda65ce5d59ee874d7971a9b464d375e9d', '194.183.182.162', 1485964206, ''),
('99d0c0492732395811d39eeaa0429f043459ef6f', '194.183.182.162', 1485948852, ''),
('99d99e0713750af0c9c42e7852ab05269aa27594', '194.183.182.162', 1485950405, ''),
('99e11c7e539645d37d34317dd450e1dd54199e73', '194.183.182.162', 1486037358, ''),
('9fbe97770f17d86695e134da8b53a34439e1f1f4', '66.249.93.60', 1486382843, ''),
('a23175c51f7b9684ca990341ed54447a4854cd22', '194.183.182.162', 1485955054, ''),
('a2741c28810e88d54ba468d947d3b5adf8e66df2', '66.249.93.85', 1486459394, ''),
('a42b7c51b803243b54c33e049fb4b3be5d9b73d0', '194.183.182.162', 1486045745, ''),
('a48363958931bb878958b016b53336a938e6dd4c', '66.249.93.56', 1486363759, ''),
('a5866d90967902dafce6620a20115ef815151646', '66.102.9.56', 1486063923, ''),
('a64b71a18b59691d78e529ca63e18191e12e17a0', '194.183.182.162', 1486030646, ''),
('a6aa2ec99616b3092826fb3fbdc66ec312b0ebf6', '194.183.182.162', 1486362180, ''),
('ab927ec83f2464626a804f7747bf2c7f2bfc13e3', '194.183.182.162', 1485943552, ''),
('ae1af8493b4b8746eb0f6a2beeb56d9a0f14d53b', '194.183.182.162', 1486041373, ''),
('b23859b2b4db2e1e31c7ce6af7f7ef8c5a44f421', '194.183.182.162', 1486145430, ''),
('b25522a58712f3ddb8b470461d67aa13d4d849fa', '93.78.135.222', 1487315037, 0x6964656e746974797c733a31353a2261646d696e4061646d696e2e636f6d223b757365726e616d657c733a31333a2261646d696e6973747261746f72223b656d61696c7c733a31353a2261646d696e4061646d696e2e636f6d223b757365725f69647c733a313a2231223b6f6c645f6c6173745f6c6f67696e7c733a31303a2231343836363435323438223b),
('b2569e8025d2005a4c088de3306e1fbc35fee4db', '66.102.9.30', 1487140992, ''),
('b5678f1bfbeafbf9b25239cde4de93c5a0bffac3', '66.249.93.81', 1486459393, ''),
('b8e46118fe60b7a219aeb1a43e56eb57a0f546e8', '194.183.182.162', 1486452043, ''),
('b9ec56dcf0ce60949534b7f6d1a5670b95a2223c', '66.102.9.58', 1486063924, ''),
('bd03627234bb910d297d590d8e7d4c1733695dc4', '194.183.182.162', 1486452044, ''),
('bdb881e85975a0a3cf8654cd68d04cc71eca76ca', '66.249.93.90', 1487150672, ''),
('be5b6dfd8a92d131e550383037d08fde8ed6111b', '104.209.188.207', 1486461275, ''),
('bef92629c68888dd22ae3344147ddd4dd5fa677f', '194.183.182.162', 1486121357, ''),
('bf77f9cafed20a12411def0c1b452437ea3725c3', '127.0.0.1', 1487343784, 0x6964656e746974797c733a31353a2261646d696e4061646d696e2e636f6d223b757365726e616d657c733a31333a2261646d696e6973747261746f72223b656d61696c7c733a31353a2261646d696e4061646d696e2e636f6d223b757365725f69647c733a313a2231223b6f6c645f6c6173745f6c6f67696e7c733a31303a2231343837333135323336223b),
('c110f83eea0f1527ee568815cbce01c9369a3581', '194.183.182.162', 1486046139, ''),
('c1270084d35c2efd09d691eabcb79863edecd176', '194.183.182.162', 1486033860, ''),
('c1c9191586654d19adc028c1a2175855ae6ff1e9', '194.183.182.162', 1486044539, ''),
('c1d0bfedd68ad35d455a2ac28aa2e78a32166c63', '66.102.9.28', 1487313250, ''),
('c221423423910e9575ac5b656c042a7d2df22f31', '194.183.182.162', 1485952889, ''),
('c2510eab361fef261c77247bf0b69552a9e37034', '194.183.182.162', 1486029835, ''),
('c46c267451d85de1a5d4f3eac5e0e570e8ed00bc', '66.102.9.154', 1486967572, ''),
('c4f040ed287d988612c98b50992217b818988c3f', '66.249.93.144', 1486723328, ''),
('c5fea415e6e95e49b30496bbe9366b1254e3698b', '194.183.182.162', 1486362180, ''),
('c5fea687a1a9131d3762285284a2cc7ed5fa35d6', '194.44.38.15', 1487087761, ''),
('c6a1337ffeb4a32f9b19be835df04ac156612014', '194.183.182.162', 1485961831, ''),
('c711fe4957a8c3f33c36463a0c177fa9e9d1e372', '194.183.182.162', 1486393378, ''),
('c7bf95499820d91a6063e450f6fd6109779c6d55', '194.183.182.162', 1485960714, ''),
('c8126113322c8ebd932288d15ffb4d74eb16fea4', '93.78.135.222', 1486459799, 0x6964656e746974797c733a31353a2261646d696e4061646d696e2e636f6d223b757365726e616d657c733a31333a2261646d696e6973747261746f72223b656d61696c7c733a31353a2261646d696e4061646d696e2e636f6d223b757365725f69647c733a313a2231223b6f6c645f6c6173745f6c6f67696e7c733a31303a2231343836333635303337223b),
('c86a1bf0263928c22ae1135d1fae354e5a36d9ef', '194.183.182.162', 1486119055, ''),
('c8aa0c09e32cef7b26c0e336e79da2c92ad48c4a', '194.183.182.162', 1485948117, 0x6964656e746974797c733a31353a2261646d696e4061646d696e2e636f6d223b757365726e616d657c733a31333a2261646d696e6973747261746f72223b656d61696c7c733a31353a2261646d696e4061646d696e2e636f6d223b757365725f69647c733a313a2231223b6f6c645f6c6173745f6c6f67696e7c733a31303a2231343835383736323235223b),
('c9b90d26e95792593e614f6f7f75acc5843a6ad6', '194.183.182.162', 1486050607, ''),
('cb4d7a76dbbb819ec4b8ab76271888603400e3a2', '194.183.182.162', 1486399539, 0x6964656e746974797c733a31353a2261646d696e4061646d696e2e636f6d223b757365726e616d657c733a31333a2261646d696e6973747261746f72223b656d61696c7c733a31353a2261646d696e4061646d696e2e636f6d223b757365725f69647c733a313a2231223b6f6c645f6c6173745f6c6f67696e7c733a31303a2231343836333831343937223b),
('cfec00a797a0dab19156bbb212b24ff28d33e6a8', '66.249.93.60', 1486363759, ''),
('d00d350d1a661643c99f4cb6ca4f62738c5f7c67', '194.183.182.162', 1486110294, ''),
('d17007cd420459c91c7d20eb587a5a6e21e1e2a1', '194.183.182.162', 1485948852, ''),
('d418430c17405552c77507da70fd77b23c677ca4', '194.183.182.162', 1485960323, ''),
('d4e4af656f7a7c497642c9e4b126f8cc1003f6f3', '194.183.182.162', 1485949537, ''),
('d64924de0f691caabf8b18fae95654d53e1e394b', '194.183.182.162', 1486131713, ''),
('d66813a9d49b8efcfd8871f22432287cfed2f072', '194.183.182.162', 1486372459, ''),
('d9bb6ef55570939709a10a923c1806702e8a2dfc', '82.166.198.101', 1486024914, 0x6964656e746974797c733a31363a226d6f7268406d79746f7069612e636f6d223b757365726e616d657c733a31303a226d6f725f686173736f6e223b656d61696c7c733a31363a226d6f7268406d79746f7069612e636f6d223b757365725f69647c733a313a2234223b6f6c645f6c6173745f6c6f67696e7c733a31303a2231343835393339323633223b),
('d9c249b772a5bad7d39d0a353b4cd9d5ee61ecf0', '176.36.173.211', 1486318434, ''),
('dafc1abe73bfe44eb6e4edd4034a008fa2f27993', '66.249.93.92', 1486881780, ''),
('dc4a61c29531fa68d1456f764af3962863d447c7', '66.249.93.56', 1486104725, ''),
('ded8e3f846e2da7fa2306f845edfbf8182e89c0c', '194.183.182.162', 1485947350, ''),
('df3103e71861f6e9aba1757ea2c6ca2758f81afc', '66.102.9.60', 1485943596, ''),
('df6003e50dac6b97c0b0956e2ce5dcac1755a313', '194.183.182.162', 1486124292, ''),
('e141298afcf61bdef9fa0a783112c681818bbde7', '194.183.182.162', 1486041374, ''),
('e15b4db8f934fff57129ce50e2830d81331288f5', '194.183.182.162', 1486366142, ''),
('e23dba0e06ec0a7b8b315356142c178385a8c4ad', '194.183.182.162', 1486387770, ''),
('e24cb284b93b47b614f4edaeeb1528522db92c18', '66.249.93.94', 1487084790, ''),
('e2ea0fddd3d68384730ac9e945dc53a83eeecb02', '194.183.182.162', 1486382312, ''),
('e5271cb8ccdcbe23bac8281659fa2aca9dc9198e', '66.102.9.30', 1487054786, ''),
('e5a6df483dfc5827c4f76c458db58dbc52300bb8', '194.183.182.162', 1485955055, ''),
('e783237999c86142db7489c2a2ddb50121c31015', '194.183.182.162', 1486027255, 0x6964656e746974797c733a31353a2261646d696e4061646d696e2e636f6d223b757365726e616d657c733a31333a2261646d696e6973747261746f72223b656d61696c7c733a31353a2261646d696e4061646d696e2e636f6d223b757365725f69647c733a313a2231223b6f6c645f6c6173745f6c6f67696e7c733a31303a2231343836303233393937223b),
('e79b465a9e3f1dd835c1e0b83242d026c71c9f7b', '194.183.182.162', 1486452043, ''),
('e9897405cb443f06e27b196074a05017c59fc06a', '194.183.182.162', 1486022230, ''),
('ec1efdb78bd3f56dbc92535adc90f62156844523', '194.183.182.162', 1486393378, ''),
('ec3224e770843e4d79bac8cb5f8e04e9e1ab88b7', '194.183.182.162', 1486145891, ''),
('ecedd00d093b529354bd45398a1a54bef12c4445', '194.183.182.162', 1486392989, ''),
('eee0ac543e28b5626fc4297f7ad6ed2aa18b8583', '194.44.38.15', 1486389485, 0x6964656e746974797c733a31353a2261646d696e4061646d696e2e636f6d223b757365726e616d657c733a31333a2261646d696e6973747261746f72223b656d61696c7c733a31353a2261646d696e4061646d696e2e636f6d223b757365725f69647c733a313a2231223b6f6c645f6c6173745f6c6f67696e7c733a31303a2231343836313131383937223b),
('f02838d6d69f936597e4400373ffa2c418bc3e39', '194.183.182.162', 1486124835, ''),
('f059908e6dc685e78886baae505080d0c3f3cfe1', '194.183.182.162', 1485943552, ''),
('f06ecb65ce702b8099f9125f23fdb28844d02a4c', '194.183.182.162', 1486372457, ''),
('f0e306003cef6926fc1093c2fd7bd88ca725a003', '194.183.182.162', 1485962017, ''),
('f14bd56fd6b5137d412a1e192660c7baf76d39de', '194.183.182.162', 1485961723, ''),
('f14d34c9dd8864935c259a6b42d42ace3118731d', '194.183.182.162', 1486141641, ''),
('f377c6d6398c264f36291ea6f768192477eabd58', '194.183.182.162', 1486119207, ''),
('f4e4fe17663e086aca8b13260a551418e0437f15', '194.183.182.162', 1486392990, ''),
('f95b8c72732b8d0dbc6858e375e316ee5e3b054e', '194.183.182.162', 1485962389, ''),
('fa387a11a306bbfddd949fc858ec0b07bc706517', '194.183.182.162', 1486033859, ''),
('fa3b7e2d8d288acdcf446783728417dbc39d8a37', '194.183.182.162', 1486132705, ''),
('fca0217241eae027d761c0e9ac95a5b39dbdbccb', '194.183.182.162', 1486119206, ''),
('fcdc98d123aa328a3c158523b997b2f68b8fa142', '194.183.182.162', 1485938154, ''),
('fe56bd851457b0490b4aec367fad9e56cd3657f6', '194.183.182.162', 1485938299, ''),
('fe796c0a3543beb0e2c7f462b234cc426e4221f0', '66.249.93.90', 1487247264, ''),
('ffecc752e60776162c4160df9c5b6c5e8b2148db', '194.183.182.162', 1486116023, ''),
('fff5b7a2499d07f827c8991cd3e3f9696b35630b', '194.183.182.162', 1486392990, '');

-- --------------------------------------------------------

--
-- Структура таблицы `customers`
--

CREATE TABLE `customers` (
  `id` bigint(20) UNSIGNED NOT NULL,
  `name` varchar(255) NOT NULL,
  `cnp` decimal(13,0) UNSIGNED DEFAULT '0',
  `sum` decimal(14,2) UNSIGNED DEFAULT '0.00',
  `updated_at` int(8) UNSIGNED NOT NULL DEFAULT '0',
  `created_at` int(8) UNSIGNED NOT NULL DEFAULT '0'
) ENGINE=InnoDB DEFAULT CHARSET=utf8mb4 ROW_FORMAT=COMPACT;

--
-- Дамп данных таблицы `customers`
--

INSERT INTO `customers` (`id`, `name`, `cnp`, `sum`, `updated_at`, `created_at`) VALUES
(1, 'Tylar Gladwyn', '1840717375472', '0.00', 1472716834, 1479799479),
(5, 'Barnabas Mansel', '1700813276510', '0.00', 1466877325, 1479799479),
(6, 'Wade Brendon', '1751005209681', '0.00', 1466877719, 1479799479),
(7, 'Liam Kaolin', '5100317414047', '0.00', 1466919627, 1479799479),
(8, 'Quinton Seymour', '1880202135816', '0.00', 1474532351, 1479799479),
(9, 'Brandt Isadore', '1690418090474', '0.00', 1479799479, 1479799479),
(10, 'Dylan Tex', '5041112131006', '0.00', 1470650260, 1479799479),
(11, 'Jackie Easton', '1701026275696', '0.00', 1470322205, 1479799479),
(12, 'Addison Cullen', '5140227459525', '0.00', 1470379714, 1479799479),
(13, 'Winfred Clifton', '1591020320809', '0.00', 1479803243, 1479799479),
(14, 'Nolan Lachlan', '1390518414652', '0.00', 1470380608, 1479799479),
(15, 'Ryker Jarod', '1921126196199', '0.00', 1470840026, 1479799479),
(16, 'Ocean Gray', '1950210400871', '0.00', 1470397049, 1479799479),
(17, 'Giffard Alfie', '1531213103780', '0.00', 1470643909, 1479799479),
(18, 'Osbourne Sonny', '5130819404371', '0.00', 1470644343, 1479799479),
(19, 'Zachary Gus', '1750131039965', '0.00', 1470645238, 1479799479),
(20, 'Mortimer Jonty', '1720525298371', '0.00', 1470645439, 1479799479),
(21, 'Tristram Freddie', '1590503119678', '0.00', 1470926031, 1479799479),
(22, 'Grier Aidan', '5090203410911', '0.00', 1470725653, 1479799479),
(23, 'Austyn Norbert', '1410804241508', '0.00', 1470734964, 1479799479),
(24, 'Denton Winthrop', '1271207338851', '0.00', 1470923756, 1479799479),
(25, 'Sandford Linden', '1771027527339', '0.00', 1470999508, 1479799479),
(26, 'Willy Jim', '1640912085709', '0.00', 1470921000, 1479799479),
(27, 'Tennyson Scott', '1200115264657', '1482490624.00', 1482490624, 1479799479),
(28, 'Harold Jess', '1680911117791', '0.00', 1470921955, 1479799479),
(29, 'Baxter Derrick', '1870410099096', '0.00', 1470922702, 1479799479),
(30, 'Hadley Edwin', '1450125134051', '0.00', 1471427423, 1479799479),
(31, 'Indigo Clint', '1780802140705', '0.00', 1470928171, 1479799479),
(32, 'Dylan Dawson', '1651011431336', '0.00', 1470925333, 1479799479),
(33, 'Jordan Jared', '1580222287169', '0.00', 1470927271, 1479799479),
(34, 'Bryant Upton', '1950226215158', '0.00', 1470927271, 1479799479),
(35, 'Roland Reed', '1670525062181', '0.00', 1472651538, 1479799479),
(36, 'Colten Wyatt', '1380731378772', '0.00', 1470991607, 1479799479),
(37, 'Abner Eustace', '1450504157116', '0.00', 1470997671, 1479799479),
(38, 'Dusty Sidney', '5141204526428', '0.00', 1470998459, 1479799479),
(39, 'Billy Ralf', '5071028254556', '0.00', 1471012990, 1479799479),
(40, 'Roly Blythe', '1910111445761', '0.00', 1470998864, 1479799479),
(41, 'Syd Woody', '1800531515640', '0.00', 1471008868, 1479799479),
(42, 'Brodie Dashiell', '1450701220651', '0.00', 1471013918, 1479799479),
(43, 'Derryl Hal', '5100204248250', '0.00', 1471014151, 1479799479),
(44, 'Devan Stu', '6010507166030', '0.00', 1471246081, 1479799479),
(45, 'Terence Kory', '2720404137587', '0.00', 1471246082, 1479799479),
(46, 'Leopold Kevyn', '2890406123100', '0.00', 1472633437, 1479799479),
(47, 'Leith Kam', '2230708248749', '0.00', 1471269058, 1479799479),
(48, 'Wilfrid Cade', '6091215215745', '0.00', 1471255301, 1479799479),
(49, 'Madison Chester', '6000321087613', '0.00', 1471259300, 1479799479),
(50, 'Hugo Sandy', '2980917185786', '0.00', 1471260250, 1479799479),
(51, 'Test Name', '2451122301728', '0.00', 1487329369, 1479799479);

-- --------------------------------------------------------

--
-- Структура таблицы `error_codes`
--

CREATE TABLE `error_codes` (
  `id` int(10) UNSIGNED NOT NULL,
  `lang` varchar(2) NOT NULL DEFAULT 'en',
  `message` varchar(255) NOT NULL
) ENGINE=InnoDB DEFAULT CHARSET=utf8 COMMENT='API error codes';

--
-- Дамп данных таблицы `error_codes`
--

INSERT INTO `error_codes` (`id`, `lang`, `message`) VALUES
(1001, 'en', 'Customer_Already_Exists'),
(1002, 'en', 'Customer_Not_Exists'),
(2000, 'en', 'Incorrect_Incoming_Variables'),
(2001, 'en', 'Incorrect_Json_Data'),
(3001, 'en', 'Transaction_Not_Exists'),
(8000, 'en', 'Invalid_AccessToken'),
(9999, 'en', 'General_Error');

-- --------------------------------------------------------

--
-- Структура таблицы `events_log`
--

CREATE TABLE `events_log` (
  `id` bigint(20) UNSIGNED NOT NULL,
  `user_id` int(10) UNSIGNED DEFAULT NULL,
  `user_email` varchar(255) DEFAULT NULL,
  `url` varchar(1024) DEFAULT NULL,
  `target` varchar(1024) DEFAULT NULL,
  `page` varchar(1024) DEFAULT NULL,
  `name` varchar(255) DEFAULT NULL,
  `action` varchar(255) DEFAULT NULL,
  `post` text,
  `ip` varchar(16) DEFAULT NULL,
  `session_id` varchar(64) DEFAULT NULL,
  `created_at` int(8) UNSIGNED DEFAULT '0',
  `datetime_created_at` datetime DEFAULT NULL
) ENGINE=InnoDB DEFAULT CHARSET=latin1 ROW_FORMAT=COMPACT;

--
-- Дамп данных таблицы `events_log`
--

INSERT INTO `events_log` (`id`, `user_id`, `user_email`, `url`, `target`, `page`, `name`, `action`, `post`, `ip`, `session_id`, `created_at`, `datetime_created_at`) VALUES
(4099, 1, 'admin@admin.com', 'http://backend.local/backend/users/edit/1', '/users/edit/1', '/users/edit/1', 'Users -> Edit user profile', 'submit', 'array (\n  ''groups'' => \n  array (\n    0 => ''1'',\n  ),\n  ''first_name'' => ''Admin'',\n  ''last_name'' => ''admin@admin.com'',\n  ''password'' => '''',\n  ''password_confirm'' => '''',\n)', '127.0.0.1', '48bdac754b5ec363b2920556176bfddbf9f73eed', 1487315865, '2017-02-17 08:17:45');

-- --------------------------------------------------------

--
-- Структура таблицы `transactions`
--

CREATE TABLE `transactions` (
  `id` bigint(20) UNSIGNED NOT NULL,
  `customer_id` bigint(20) UNSIGNED NOT NULL,
  `amount` decimal(14,2) NOT NULL,
  `created_at` int(8) UNSIGNED NOT NULL
) ENGINE=InnoDB DEFAULT CHARSET=utf8;

--
-- Дамп данных таблицы `transactions`
--

INSERT INTO `transactions` (`id`, `customer_id`, `amount`, `created_at`) VALUES
(1, 9, '100.35', 1487320042),
(2, 15, '542.36', 1487320042),
(3, 1, '756.00', 1487320042),
(4, 16, '0.56', 1487320042),
(5, 21, '7899.56', 1487320042),
(7, 8, '13.88', 1487330402),
(8, 8, '13.88', 1487330421),
(9, 8, '13.88', 1487330443),
(10, 8, '14.99', 1487330472),
(11, 8, '13.88', 1487332001);

-- --------------------------------------------------------

--
-- Структура таблицы `transactions_sum`
--

CREATE TABLE `transactions_sum` (
  `sum` decimal(14,2) UNSIGNED NOT NULL,
  `created_at` int(8) UNSIGNED NOT NULL DEFAULT '0'
) ENGINE=InnoDB DEFAULT CHARSET=utf8;

--
-- Дамп данных таблицы `transactions_sum`
--

INSERT INTO `transactions_sum` (`sum`, `created_at`) VALUES
('1000009299.48', 1487324210);

--
-- Индексы сохранённых таблиц
--

--
-- Индексы таблицы `auth_groups`
--
ALTER TABLE `auth_groups`
  ADD PRIMARY KEY (`id`);

--
-- Индексы таблицы `auth_login_attempts`
--
ALTER TABLE `auth_login_attempts`
  ADD PRIMARY KEY (`id`);

--
-- Индексы таблицы `auth_users`
--
ALTER TABLE `auth_users`
  ADD PRIMARY KEY (`id`);

--
-- Индексы таблицы `auth_users_groups`
--
ALTER TABLE `auth_users_groups`
  ADD PRIMARY KEY (`id`),
  ADD UNIQUE KEY `uc_users_groups` (`user_id`,`group_id`) USING BTREE,
  ADD KEY `fk_users_groups_users1_idx` (`user_id`) USING BTREE,
  ADD KEY `fk_users_groups_groups1_idx` (`group_id`) USING BTREE;

--
-- Индексы таблицы `ci_sessions`
--
ALTER TABLE `ci_sessions`
  ADD PRIMARY KEY (`id`),
  ADD KEY `ci_sessions_timestamp` (`timestamp`) USING BTREE;

--
-- Индексы таблицы `customers`
--
ALTER TABLE `customers`
  ADD PRIMARY KEY (`id`),
  ADD UNIQUE KEY `cnp` (`cnp`),
  ADD KEY `account_id` (`id`) USING BTREE,
  ADD KEY `cnp_2` (`cnp`);

--
-- Индексы таблицы `error_codes`
--
ALTER TABLE `error_codes`
  ADD UNIQUE KEY `id` (`id`,`lang`);

--
-- Индексы таблицы `events_log`
--
ALTER TABLE `events_log`
  ADD PRIMARY KEY (`id`);

--
-- Индексы таблицы `transactions`
--
ALTER TABLE `transactions`
  ADD PRIMARY KEY (`id`);

--
-- AUTO_INCREMENT для сохранённых таблиц
--

--
-- AUTO_INCREMENT для таблицы `auth_groups`
--
ALTER TABLE `auth_groups`
  MODIFY `id` mediumint(8) UNSIGNED NOT NULL AUTO_INCREMENT, AUTO_INCREMENT=3;
--
-- AUTO_INCREMENT для таблицы `auth_login_attempts`
--
ALTER TABLE `auth_login_attempts`
  MODIFY `id` int(11) UNSIGNED NOT NULL AUTO_INCREMENT;
--
-- AUTO_INCREMENT для таблицы `auth_users`
--
ALTER TABLE `auth_users`
  MODIFY `id` int(11) UNSIGNED NOT NULL AUTO_INCREMENT, AUTO_INCREMENT=13;
--
-- AUTO_INCREMENT для таблицы `auth_users_groups`
--
ALTER TABLE `auth_users_groups`
  MODIFY `id` int(11) UNSIGNED NOT NULL AUTO_INCREMENT, AUTO_INCREMENT=18;
--
-- AUTO_INCREMENT для таблицы `customers`
--
ALTER TABLE `customers`
  MODIFY `id` bigint(20) UNSIGNED NOT NULL AUTO_INCREMENT, AUTO_INCREMENT=52;
--
-- AUTO_INCREMENT для таблицы `error_codes`
--
ALTER TABLE `error_codes`
  MODIFY `id` int(10) UNSIGNED NOT NULL AUTO_INCREMENT, AUTO_INCREMENT=10000;
--
-- AUTO_INCREMENT для таблицы `events_log`
--
ALTER TABLE `events_log`
  MODIFY `id` bigint(20) UNSIGNED NOT NULL AUTO_INCREMENT, AUTO_INCREMENT=4100;
--
-- AUTO_INCREMENT для таблицы `transactions`
--
ALTER TABLE `transactions`
  MODIFY `id` bigint(20) UNSIGNED NOT NULL AUTO_INCREMENT, AUTO_INCREMENT=12;
--
-- Ограничения внешнего ключа сохраненных таблиц
--

--
-- Ограничения внешнего ключа таблицы `auth_users_groups`
--
ALTER TABLE `auth_users_groups`
  ADD CONSTRAINT `auth_users_groups_ibfk_1` FOREIGN KEY (`group_id`) REFERENCES `auth_groups` (`id`) ON DELETE CASCADE ON UPDATE NO ACTION,
  ADD CONSTRAINT `auth_users_groups_ibfk_2` FOREIGN KEY (`user_id`) REFERENCES `auth_users` (`id`) ON DELETE CASCADE ON UPDATE NO ACTION;

/*!40101 SET CHARACTER_SET_CLIENT=@OLD_CHARACTER_SET_CLIENT */;
/*!40101 SET CHARACTER_SET_RESULTS=@OLD_CHARACTER_SET_RESULTS */;
/*!40101 SET COLLATION_CONNECTION=@OLD_COLLATION_CONNECTION */;
